,time,value
0,1648818384.5199764,1.398356315165597
1,1648818563.1811154,1.7921520471573609
2,1648818742.53774,1.2215768602134185
3,1648818923.117439,0.9952602024658844
4,1648819103.9531057,1.2770210205043957
5,1648819283.5815692,0.9668414339469144
6,1648819462.4890933,1.5329341215408747
7,1648819643.639861,1.5329341215408747
8,1648819823.937115,1.4553344413144884
9,1648820003.024582,0.3054807880993974
10,1648820183.3493657,1.6113231159835677
11,1648820363.501112,1.582559127868723
12,1648820543.8130782,1.5205293789023566
13,1648820724.9324598,1.7516533621794537
14,1648820903.2740772,0.6526967645828523
15,1648821083.017594,0.5116601379289974
16,1648821263.5595264,1.3991040446199898
17,1648821442.9325268,1.3336543910623933
18,1648821623.8771029,1.6076524754401922
19,1648821803.8678195,1.6512855778119226
20,1648821983.9890726,1.757649246153153
21,1648822163.1274147,1.694918680183653
22,1648822343.5571227,1.694918680183653
23,1648822523.5530145,-0.5235787697731225
24,1648822703.0570345,0.833709959553436
25,1648822883.623708,1.172098162045227
26,1648823062.7091718,1.9966188532392053
27,1648823243.1371255,2.384472509111588
28,1648823423.3091478,0.3289230700881682
29,1648823603.7292652,0.2036251168094858
30,1648823784.0731146,1.0663945613258334
31,1648823962.919035,1.0908326545779372
32,1648824143.7611954,-0.4593907338227686
33,1648824322.7676437,-0.0138259687558275
34,1648824502.5491292,1.0451682647845535
35,1648824682.8496895,0.6583577147012347
36,1648824863.2891183,1.1361381542183806
37,1648825043.5371308,0.7844545277673284
38,1648825222.569365,0.0601204525446004
39,1648825403.677161,1.3295376520576738
40,1648825583.3288703,0.1984314186477537
41,1648825765.3856385,0.5452994936197963
42,1648825943.7283645,0.6538489965518428
43,1648826123.4531329,0.7108872750503028
44,1648826302.902191,0.7490727740034283
45,1648826482.4692545,0.7068405241998654
46,1648826662.9070537,0.7980875850060555
47,1648826843.6771195,0.8943765769975032
48,1648827022.933116,1.972922220983564
49,1648827203.5531316,1.5227922651235255
50,1648827382.8891325,1.7796877676887604
51,1648827562.893127,1.3662356137603815
52,1648827743.4007142,1.7855382465399832
53,1648827923.5738535,1.7985221936639346
54,1648828102.621118,1.6805240622516315
55,1648828283.3291187,2.72142204460608
56,1648828462.9796555,0.5185615668128551
57,1648828643.3964868,1.2857861719924804
58,1648828823.123559,1.9959772019044009
59,1648829004.0853517,0.5649912105223529
60,1648829182.657133,0.2930308967939763
61,1648829362.931996,0.3409696386152937
62,1648829543.0170884,0.542398657499996
63,1648829723.5411527,0.7387256199859551
64,1648829902.6691148,0.0984907134311349
65,1648830083.298018,0.1045804904409544
66,1648830263.2652814,1.3902781030993898
67,1648830443.8131988,0.6208447130411333
68,1648830624.2600837,0.6985915637905055
69,1648830805.669618,0.7596945594825825
70,1648830982.2017388,0.7716806667807259
71,1648831163.5986643,0.8835770812845803
72,1648831342.8295174,0.9888330274017004
73,1648831524.889903,0.9994891023693472
74,1648831703.4171758,-0.1301460936887993
75,1648831884.0406566,0.6610380470387157
76,1648832063.7741966,1.6768277370985851
77,1648832243.165369,0.24586075569727
78,1648832422.9561324,0.7557345957521676
79,1648832603.049099,2.0633772531734684
80,1648832782.6924086,1.2663542678760047
81,1648832963.5811098,1.9663628714868824
82,1648833143.4628377,2.18605992141942
83,1648833323.3292656,1.0222413874778955
84,1648833502.84435,1.4888497672171572
85,1648833682.881133,2.553028627298479
86,1648833862.925295,0.4888263860829584
87,1648834043.2954822,1.88125243062936
88,1648834222.845622,1.972635316655824
89,1648834404.1443756,-0.1962148972205232
90,1648834584.0185845,0.657108566424889
91,1648834762.697106,2.5980808469127776
92,1648834942.6491106,2.2865479513109825
93,1648835122.993123,-1.0222413874778955
94,1648835303.278483,1.1422903927149706
95,1648835483.2250998,0.3430018786508393
96,1648835661.9850776,2.5530900612797613
97,1648835842.969128,-1.3902781030993898
98,1648836023.4077544,0.474253630093463
99,1648836203.405095,2.065912021780569
100,1648836382.9834754,0.9363503026004804
101,1648836563.0811152,0.9674215661017016
102,1648836742.7740824,0.7721932141886849
103,1648836922.877126,-0.168065681900483
104,1648837102.9491332,0.4378192131561254
105,1648837282.1420443,2.4558656676065507
106,1648837463.1530902,1.080319340814956
107,1648837642.9373276,1.0036329724426831
108,1648837823.525142,-0.2365161316950243
109,1648838004.5131774,-0.2822351138102644
110,1648838182.6571724,-1.5728199844162876
111,1648838362.4011292,1.0999166489040455
112,1648838543.0571244,0.1892857727089072
113,1648838722.645144,0.2922622938429391
114,1648838902.7057447,-0.2828223240890024
115,1648839084.0611248,-0.1447127833694662
116,1648839263.3131175,0.1317698437294175
117,1648839444.9099984,0.1765732144100723
118,1648839623.8610876,-0.2843296014429792
119,1648839803.0091434,0.2210825268627277
120,1648839983.3606794,0.6125601849533676
121,1648840163.3691273,0.8819982053373722
122,1648840342.7162132,-0.5055884320817153
123,1648840523.436581,0.3389155491529075
124,1648840702.685112,0.0306710964424694
125,1648840883.5499518,0.6635433002885693
126,1648841062.9211056,0.3495536182819013
127,1648841243.3690944,0.1424460623733803
128,1648841422.717101,0.0374065078355343
129,1648841603.3757613,2.0137772725930705
130,1648841783.430093,0.0635581571390094
131,1648841963.172661,0.315346700549133
132,1648842144.064436,0.9261677294819188
133,1648842322.9614284,1.009939492858814
134,1648842503.1164193,0.64478769665964
135,1648842682.6827526,0.5613228442112157
136,1648842863.3195648,0.6316877821790714
137,1648843044.7436745,0.7345811721678803
138,1648843223.1571174,0.803736262584459
139,1648843404.069903,-0.10312006596269
140,1648843583.5384097,0.5781807154107822
141,1648843764.4373653,-0.1447127833694662
142,1648843944.275696,-0.1228042893971888
143,1648844122.7662225,0.3550866095558316
144,1648844303.378167,0.4381646927220848
145,1648844483.0131123,-0.9017630980552728
146,1648844664.0889275,0.2765400491802405
147,1648844843.3066509,0.3054807880993974
148,1648845022.8851418,0.4949356062426038
149,1648845202.2091286,1.0240624388431794
150,1648845383.193468,-0.3874192763577794
151,1648845564.069097,0.9042505216400172
152,1648845744.686876,-0.196845687838265
153,1648845923.4291196,0.9362196871842732
154,1648846103.979858,-0.1288341751779608
155,1648846283.2295923,0.301623849808322
156,1648846463.2570968,-0.3307180033982997
157,1648846643.1411042,-0.1531808425515829
158,1648846823.9314272,0.2134443657963147
159,1648847003.5338256,1.5665397541335475
160,1648847182.9697788,0.4582282868302626
161,1648847364.421134,1.0948653280749532
162,1648847543.8620412,1.3659506309566165
163,1648847722.877123,0.1377660599584959
164,1648847903.6567554,0.283928245878145
165,1648848084.047511,0.5559236614764904
166,1648848261.8392844,0.6086257569262584
167,1648848444.3211014,0.692153525704528
168,1648848624.1771104,1.1766648582477093
169,1648848802.942419,0.746501756381707
170,1648848983.587499,1.270362799506138
171,1648849162.6371064,1.7407650224267246
172,1648849343.5612144,1.470482859944304
173,1648849523.798113,1.5861386646849818
174,1648849702.9707377,1.309502724135604
175,1648849882.9647834,-0.2259728787158465
176,1648850063.073142,0.893037129582357
177,1648850242.161454,0.2523989919438569
178,1648850423.7211473,0.8461131458043667
179,1648850602.9020505,0.7784846704628909
180,1648850783.0451424,0.7589668388822312
181,1648850964.6541443,0.8504602565032503
182,1648851144.029129,0.9058774354311788
183,1648851324.0451407,0.8825438797003664
184,1648851504.3851297,1.0344207522185949
185,1648851683.24355,1.0847620372407905
186,1648851864.1415694,0.9994139132487676
187,1648852043.8228135,-0.1620380803543922
188,1648852223.9506154,0.8089463206365984
189,1648852402.2411096,0.7971625114720209
190,1648852583.0691452,-0.3049582042233745
191,1648852762.9726713,0.6029060699005904
192,1648852943.3650482,0.4367202126574334
193,1648853122.2179337,-0.372483216043337
194,1648853303.129254,0.6600336225828101
195,1648853483.913129,1.2439936803927747
196,1648853664.20778,0.8242559899187587
197,1648853842.97311,0.9085621421694566
198,1648854023.8828833,-0.9994548296897424
199,1648854202.963476,0.4992793115751356
200,1648854383.197151,0.6281608479011277
201,1648854563.4290652,0.359877453785587
202,1648854744.0635366,0.3999755872543855
203,1648854923.0385995,0.3999755872543855
204,1648855103.897117,0.7934024814951159
205,1648855284.5862415,0.3201861003986674
206,1648855462.7476952,0.3765873585525687
207,1648855643.8811398,0.5994209615348863
208,1648855823.5011451,1.0321218688835672
209,1648856002.163814,0.9488413246412224
210,1648856184.0415256,0.9808728196063344
211,1648856364.278304,0.0031104376924702
212,1648856542.653148,-0.3810629521225409
213,1648856723.565156,-0.1621111292609368
214,1648856903.3851576,0.3211622492159557
215,1648857083.918641,-0.3307180033982997
216,1648857262.8354166,-0.4381368037948814
217,1648857443.217095,0.0950884944515961
218,1648857623.481103,0.1874040777820794
219,1648857803.2371142,0.2268388782000325
220,1648857983.33311,0.3588698655055734
221,1648858163.813029,0.4697515824865776
222,1648858344.1282077,0.4554577223899421
223,1648858523.4371088,0.4595212381053012
224,1648858703.9931216,0.4363648657204154
225,1648858883.83032,0.6294203806405458
226,1648859063.6055894,0.5738903760416327
227,1648859243.0570998,0.6549478109946281
228,1648859424.4971387,0.6585665178404038
229,1648859603.285107,1.1561272066558217
230,1648859783.799929,0.0546637262634853
231,1648859963.4410906,1.2305647161475937
232,1648860142.8730905,0.6876799191077777
233,1648860322.0091524,0.9225808342120856
234,1648860502.657627,-0.413323119596839
235,1648860682.9513412,-0.2333562130446437
236,1648860863.226437,-0.3709754112944974
237,1648861043.258284,-0.724722785166353
238,1648861223.281158,0.011321155255545
239,1648861404.0146296,-0.061658482742391
240,1648861583.389811,0.5542781665297262
241,1648861763.513131,0.6592200072189457
242,1648861943.4736912,0.3271795580918387
243,1648862123.186916,0.375755907272103
244,1648862304.2211337,0.5397766681917009
245,1648862483.0619292,-0.4214723700318731
246,1648862664.0047922,0.3295842331600582
247,1648862842.9496562,-0.5008019821707704
248,1648863023.573121,-0.5428567776651512
249,1648863203.8171003,0.132972894801382
250,1648863382.1091216,0.1441362473480175
251,1648863562.977098,-0.8005639008580677
252,1648863743.7451358,0.0472466930821862
253,1648863924.0697472,0.0379198381456035
254,1648864104.069482,0.1833526316372844
255,1648864282.5411203,-0.9839311093731278
256,1648864465.425107,0.1657634989260509
257,1648864646.419479,0.1494199773337995
258,1648864826.3972142,0.245129194732456
259,1648865002.497132,0.3097146859941143
260,1648865185.1908357,0.359370653870773
261,1648865363.910216,0.3629523912989357
262,1648865544.977136,0.4450110435274754
263,1648865724.2931128,0.5215599972053573
264,1648865905.5051634,0.5613313791211503
265,1648866084.6611345,0.5591925887764418
266,1648866263.2620928,0.639009041884425
267,1648866444.5691028,0.651238267806388
268,1648866623.8011296,0.6821305970938568
269,1648866804.4719048,0.7629060017304782
270,1648866982.8428073,0.8201507951446014
271,1648867163.4261153,0.915241472014268
272,1648867344.910687,0.7290775873785164
273,1648867524.229013,0.9333824509059764
274,1648867705.6288068,0.8869575719483157
275,1648867883.5531106,0.9885022882421072
276,1648868064.9741197,1.0059235817839844
277,1648868244.0656133,0.9865732712266352
278,1648868425.2597992,0.9719412541223552
279,1648868605.5612192,1.0901053072439646
280,1648868784.665115,1.0689501213094827
281,1648868964.7171178,1.034207481849937
282,1648869145.4859183,1.2235943788264794
283,1648869323.9851198,1.199534644267369
284,1648869505.5512586,1.2198278931411723
285,1648869684.781161,1.1955312077147688
286,1648869864.8171308,1.147411738596548
287,1648870043.7736297,1.3195907056475016
288,1648870224.2931082,1.1955312077147688
289,1648870403.882045,1.4872658227156632
290,1648870584.5403583,1.285624127792846
291,1648870762.698196,1.2335012221220252
292,1648870945.4834964,1.2123460361875438
293,1648871124.0655117,1.301194059052866
294,1648871304.5211189,1.363223808019233
295,1648871483.2179537,1.387802939628073
296,1648871662.7371416,0.0111408005664498
297,1648871842.6964972,1.5751220151993852
298,1648872022.6571968,0.5116601379289974
299,1648872202.6931672,1.0005634551609066
300,1648872382.83136,1.5842730783241774
301,1648872562.9211524,0.1024046805306503
302,1648872744.52508,1.6783689272784263
303,1648872922.421126,0.833709959553436
304,1648873103.4223633,0.1985244710860443
305,1648873283.1611142,1.3902781030993898
306,1648873463.6158435,1.0168117542461537
307,1648873642.542541,0.2699406858543708
308,1648873823.2972212,0.0999580046043837
309,1648874003.4810412,0.4155969129296726
310,1648874183.2283864,0.5116601379289974
311,1648874362.569505,0.5828542077836113
312,1648874542.5091012,0.4711543748367067
313,1648874723.0606484,-0.7419878989568806
314,1648874903.2693045,-0.1443107010559838
315,1648875083.2253358,0.3959523313639927
316,1648875263.681151,-0.3279188903382866
317,1648875443.1571243,-1.2558942261798112
318,1648875623.509089,0.0450578689868306
319,1648875803.5771258,0.2624249249238735
320,1648875983.8371265,0.0700697639769384
321,1648876164.0611062,0.0903712864579598
322,1648876343.053115,-0.4046537548378037
323,1648876524.085131,-0.0970028086947738
324,1648876703.8331451,0.5840397332153144
325,1648876882.937343,0.3309918710516433
326,1648877063.0011115,0.3918672608026559
327,1648877243.6731932,0.357338157816807
328,1648877425.1302154,-0.6680923023049874
329,1648877603.875991,-0.0168606493640149
330,1648877785.2293143,0.0756806295436768
331,1648877965.5568433,0.2152657686101676
332,1648878142.2896948,0.1993266206130841
333,1648878323.5056126,0.231602926654725
334,1648878504.2051363,0.3251935792934629
335,1648878683.8891034,0.3120342633922113
336,1648878863.4291337,0.4321435297634323
337,1648879043.0571215,1.137167299168531
338,1648879223.6522658,-0.861675241974329
339,1648879403.9331355,0.3875599490336822
340,1648879584.628343,0.3393508164800172
341,1648879765.201666,0.4360721224728333
342,1648879944.4826212,0.5127570169459169
343,1648880123.5111442,0.3336110131429831
344,1648880304.6812062,0.4281524370160692
345,1648880483.4219637,0.3756889047550711
346,1648880664.317098,0.4409918559478262
347,1648880844.983807,0.4723935516060181
348,1648881024.056187,0.5336559382174626
349,1648881204.5331352,0.5545983293903176
350,1648881384.330029,0.5699258571335609
351,1648881564.487558,0.5543740542476221
352,1648881744.2399647,0.6432006173284568
353,1648881925.9570975,0.7117141865170359
354,1648882104.6815083,0.6599734759413672
355,1648882284.1171196,0.7535373387334121
356,1648882464.607151,0.7516073017575301
357,1648882644.7882123,0.8064347206071425
358,1648882823.865006,0.824479521526475
359,1648883003.961183,0.7733742002225032
360,1648883184.1711507,0.7905683311562811
361,1648883364.8131151,0.7516073017575301
362,1648883545.7731352,0.7763589468967966
363,1648883724.8491008,0.9275989026278122
364,1648883906.382609,0.9320264576850203
365,1648884083.5264418,0.9065515242940292
366,1648884262.9850905,0.8885067233746962
367,1648884444.8546488,0.9647512844638194
368,1648884624.0727196,0.9065515242940292
369,1648884805.2855752,0.9275989026278122
370,1648884984.9905667,1.1253524855446997
371,1648885163.6954043,1.18355224571449
372,1648885343.3930793,0.8584309496643503
373,1648885524.412905,1.18355224571449
374,1648885704.460327,1.011273596188594
375,1648885884.3011022,1.1508274189356908
376,1648886064.153136,0.9320264576850203
377,1648886243.9498904,1.0439984229673924
378,1648886423.5103724,1.18355224571449
379,1648886605.886934,1.0439984229673924
380,1648886783.5039723,1.406856910390964
381,1648886965.954674,1.7790004377165565
382,1648887145.2427905,1.7790004377165565
383,1648887324.0410953,1.5929286740537612
384,1648887503.2771084,1.5492955716820287
385,1648887683.8971264,1.5929286740537612
386,1648887864.2420912,1.5929286740537612
387,1648888044.387399,1.7790004377165565
388,1648888224.2051094,1.7790004377165565
389,1648888405.5008678,1.5929286740537612
390,1648888584.5890863,1.7790004377165565
391,1648888763.973098,1.7790004377165565
392,1648888944.3795574,1.5929286740537612
393,1648889124.2533507,1.7790004377165565
394,1648889304.0131178,1.7790004377165565
395,1648889485.0051832,1.7790004377165565
396,1648889664.2251065,1.7790004377165565
397,1648889844.9743388,1.7790004377165565
398,1648890023.1691277,1.7790004377165565
399,1648890205.4572666,1.7790004377165565
400,1648890383.361832,1.0252099666494887
401,1648890563.454232,0.1065054911325785
402,1648890743.621601,1.7768812306951007
403,1648890923.337893,-0.5929558074877241
404,1648891104.013104,-0.5036488211544643
405,1648891284.925083,-0.6850606623201205
406,1648891463.5196412,0.3632534412498018
407,1648891644.9591975,0.3685752172019144
408,1648891825.4500017,0.4191287749233146
409,1648892004.6899211,0.4871321693661972
410,1648892185.270336,0.4881606439903084
411,1648892365.203508,0.5394021128738101
412,1648892543.4650104,0.5580170895182351
413,1648892724.2043254,0.3747929585124415
414,1648892903.2957544,0.4915669524230801
415,1648893084.3651297,0.392082531974812
416,1648893262.5154424,0.4904676542128601
417,1648893444.2851286,0.4717575306732943
418,1648893623.1522875,0.5814125851858982
419,1648893804.4901383,0.6206443659817357
420,1648893983.0944664,0.6696063655567097
421,1648894163.0868568,0.6225516975598548
422,1648894344.3891437,0.6766939621366329
423,1648894523.1702564,0.7340450902628711
424,1648894702.975639,0.7004305964627238
425,1648894885.6046336,0.7623288034034587
426,1648895064.3098202,0.6519423169973663
427,1648895243.9571044,0.6814539608918838
428,1648895423.9530768,0.7241257871330726
429,1648895604.193086,0.7942190447110874
430,1648895784.446069,0.7623288034034587
431,1648895964.9490712,0.7980544613709355
432,1648896144.48515,0.7671056106475104
433,1648896324.261822,0.913744726059172
434,1648896505.4879742,0.8882697926681803
435,1648896683.6604238,0.8672224143343966
436,1648896865.005119,0.8461750360006137
437,1648897044.5022812,0.9254221745041874
438,1648897225.249138,0.874652546806056
439,1648897404.6467388,0.913744726059172
440,1648897584.3345337,1.11149830897606
441,1648897764.3667283,0.9073773735848544
442,1648897945.3251612,1.0700519348392237
443,1648898123.6651032,1.3231060684615874
444,1648898302.270165,1.1508274189356908
445,1648898483.1211147,1.18355224571449
446,1648898664.4769275,1.3231060684615874
447,1648898845.5132368,1.0862603062915843
448,1648899024.1891491,1.3231060684615874
449,1648899204.7851107,1.1891257595115488
450,1648899384.2971284,1.328679582258646
451,1648899564.141131,1.1891257595115488
452,1648899744.8810964,1.1564009327327505
453,1648899925.1115198,1.328679582258646
454,1648900104.993195,1.016847109985653
455,1648900283.5385182,0.5787890174812986
456,1648900463.9531631,1.4372526445575926
457,1648900644.275732,0.8306260878036765
458,1648900823.729146,-0.1576714896381555
459,1648901001.9290895,0.0111408005664498
460,1648901183.6931348,-0.321280354409124
461,1648901362.8490984,-0.3525602939152013
462,1648901543.8891163,0.5461036185712956
463,1648901723.61252,0.3226945237275458
464,1648901904.1731558,0.0961836046413264
465,1648902083.632556,0.1844217793408508
466,1648902263.5792215,0.5829532901886618
467,1648902442.9727771,0.548338916930695
468,1648902623.0372283,1.3575087556744636
469,1648902803.517107,1.18588090248199
470,1648902984.3370855,0.8426110251269087
471,1648903163.8891168,0.836365751899414
472,1648903342.9491775,-0.0178292357562065
473,1648903523.5931158,0.3017973329894831
474,1648903703.1210515,0.3238272239626197
475,1648903884.6234174,0.3178328329203744
476,1648904064.0524137,0.351777887349613
477,1648904244.1443665,0.4563687769611447
478,1648904423.7256262,0.4000420557244257
479,1648904603.9931335,0.482893795821465
480,1648904783.253108,0.5636524445622959
481,1648904964.0905838,0.572231646754725
482,1648905143.901672,0.6027862819592105
483,1648905324.050038,0.6119531096926132
484,1648905503.8691432,0.5915609949430737
485,1648905684.7487853,0.6131197715685497
486,1648905863.8781056,1.1908518646588468
487,1648906042.8294566,1.1534228222156877
488,1648906222.9572098,0.8620763424173096
489,1648906403.6944597,0.7331157809463039
490,1648906583.2432866,1.187152964354006
491,1648906762.5770888,1.1010325657570152
492,1648906943.405305,1.122551794070838
493,1648907124.54897,1.243464096299442
494,1648907304.92909,1.2314422222424155
495,1648907484.126789,1.2343467708670446
496,1648907664.6016884,1.2343467708670446
497,1648907843.9571033,-0.4153728038950981
498,1648908023.5771973,0.5478337225394021
499,1648908205.6101112,0.4927257358821414
500,1648908384.19714,0.5667721885094789
501,1648908564.0817585,1.3361601318720269
502,1648908743.145141,1.0898545710332068
503,1648908923.6173396,1.248511316667284
504,1648909103.6247897,0.9646228920644488
505,1648909283.7083187,1.3901102186594394
506,1648909463.6698718,0.5116601379289974
507,1648909643.5255103,0.50616601908631
508,1648909822.9771056,1.7593363353565354
509,1648910003.0067017,1.8633807238183724
510,1648910183.0273018,1.899644129378261
511,1648910363.1492553,1.679918750198039
512,1648910543.2026193,0.3274398051204455
513,1648910724.044293,1.6913359352965969
514,1648910903.3266826,0.3125697080942379
515,1648911083.7291005,-0.1780918229767679
516,1648911263.3531065,0.6097990115551801
517,1648911443.3905313,0.3054807880993974
518,1648911623.9731846,0.4213536855708473
519,1648911805.49712,-0.1340088983322535
520,1648911984.9251213,0.2967264456868917
521,1648912162.8958974,1.6910135728920423
522,1648912343.0711987,0.4187291387242456
523,1648912523.633625,2.481141957499378
524,1648912703.9074066,0.9261677294819188
525,1648912883.5091448,0.1528054889708043
526,1648913063.961147,0.7097038125552547
527,1648913244.010483,0.0297049991716721
528,1648913424.1826108,0.2338445040802585
529,1648913602.8530908,-0.1486408786318297
530,1648913784.2490902,0.2024746704854751
531,1648913963.4864085,0.3096630429621298
532,1648914143.5571218,0.348775977852512
533,1648914322.8279254,0.4146481369540137
534,1648914506.1600487,0.4429611936276744
535,1648914682.3501222,0.4429611936276744
536,1648914863.0171983,0.5732860237492209
537,1648915043.6291,-0.4928423117995579
538,1648915222.2491698,0.4064274204872952
539,1648915403.2110772,0.4408391509780767
540,1648915583.7736833,0.5376822165383859
541,1648915764.6210938,0.5042066301651764
542,1648915942.2297812,1.2960143697051902
543,1648916123.4690974,0.6630669161560756
544,1648916304.624215,0.7242815828240071
545,1648916483.3970735,1.178940685652878
546,1648916663.7794106,0.7400345921032937
547,1648916844.193108,0.9151519783456714
548,1648917023.421105,0.8709445998979191
549,1648917203.1441865,1.3336543910623933
550,1648917383.9442534,1.6107866554417054
551,1648917564.4547153,1.1406469840508355
552,1648917743.9651082,1.194144278373862
553,1648917923.0170906,1.1420326685853877
554,1648918102.9736016,-0.0522583771220489
555,1648918283.3451147,0.7642344700760624
556,1648918463.1576002,1.559042527306198
557,1648918643.173099,1.7588828826171756
558,1648918822.185685,2.385353510230316
559,1648919003.3372245,0.628045171416227
560,1648919183.213112,0.3320281110296934
561,1648919363.4624884,0.2374565076282879
562,1648919543.7910843,0.7064316347320841
563,1648919723.0011263,-0.6611272489434581
564,1648919903.803929,-0.177094522771605
565,1648920083.6371298,0.2499795642580056
566,1648920264.064841,0.3021876413486615
567,1648920443.9622118,0.3586169748373943
568,1648920622.6011202,0.4931729049494986
569,1648920803.7526965,0.4249078341136123
570,1648920983.465134,0.550895514236651
571,1648921162.9574063,0.6202101600508813
572,1648921343.0131102,0.5255185194435925
573,1648921522.3078194,0.9166269943708066
574,1648921704.2891169,0.7320767437752262
575,1648921883.0131292,0.8472543585691317
576,1648922062.929155,0.8781363054730559
577,1648922242.745123,-0.2362013910931571
578,1648922423.0388465,0.4376533262247271
579,1648922603.6441815,0.5020125079564185
580,1648922784.525126,0.5663756239948206
581,1648922963.409111,0.6075880435054185
582,1648923143.4596095,0.6352542313327858
583,1648923323.1891246,-0.5893183061300414
584,1648923504.1138651,0.6958341963628909
585,1648923683.909629,0.8437712545055144
586,1648923864.0291154,-0.4292343970269336
587,1648924043.8793497,-0.3385520952187905
588,1648924222.9754214,0.3527458049328231
589,1648924403.079194,0.4236761508026363
590,1648924583.5387082,0.4904418647374093
591,1648924764.073084,0.3265997930247472
592,1648924944.1691165,0.3689574602311541
593,1648925123.490484,0.4622540525990053
594,1648925303.413947,0.4541455615659207
595,1648925484.5211153,0.4422810384721397
596,1648925664.3890855,0.6025928814890184
597,1648925844.13719,0.5975458689396881
598,1648926023.143045,0.6240082902769976
599,1648926202.893138,1.3374349626600246
600,1648926382.6253688,1.3991040446199898
601,1648926563.5251093,1.0335036391150132
602,1648926743.755544,1.5254961334684622
603,1648926923.1331208,-0.6376811849539
604,1648927103.945112,-0.4230844055251807
605,1648927282.1987138,-0.4725692909933073
606,1648927463.177105,0.1993097963118811
607,1648927642.2477424,0.4366874359844153
608,1648927823.0372477,0.4411588849210946
609,1648928003.8198676,0.4603236319468192
610,1648928183.6291494,0.5974254794253658
611,1648928364.153551,0.5174269013933886
612,1648928543.0749035,-0.4057134877191745
613,1648928722.8147311,0.4026263408398675
614,1648928903.7957964,-0.435428702385461
615,1648929083.6518283,0.2630630265571991
616,1648929264.4027002,0.2630630265571991
617,1648929444.493117,0.2630630265571991
618,1648929623.4743662,0.516749190776237
619,1648929803.9716778,0.6140445519807596
620,1648929983.3715715,0.5300960131623536
621,1648930163.7011027,0.6922752988055524
622,1648930343.8324547,0.5988680475268685
623,1648930524.0195012,0.706950919794374
624,1648930704.613134,0.8583555281511877
625,1648930884.009065,0.8551228286063678
626,1648931063.264199,0.2671821568167767
627,1648931243.5971196,-1.0913696461588556
628,1648931423.5525646,0.1142391275771261
629,1648931603.2799113,0.5967939949684533
630,1648931782.706933,0.2116466451497174
631,1648931962.724204,0.2116466451497174
632,1648932143.3498356,0.2116466451497174
633,1648932323.0783043,0.2116466451497174
634,1648932503.3376105,0.2155742622904084
635,1648932683.9651215,0.2155742622904084
636,1648932862.7571497,0.2236850137631849
637,1648933042.392696,0.2236850137631849
638,1648933222.883406,-0.5114578245501274
639,1648933402.9251273,0.205752092550599
640,1648933583.125097,0.181832986007761
641,1648933763.713163,0.1759178138271225
642,1648933943.465315,0.1759178138271225
643,1648934123.5171432,0.1759178138271225
644,1648934303.2171488,0.1759178138271225
645,1648934483.0930934,0.7927687185016675
646,1648934663.269071,0.2748238351403467
647,1648934843.1784625,0.2301385520029373
648,1648935022.4343555,0.2671821568167767
649,1648935203.6131191,0.0112104491674448
650,1648935382.2379737,0.1142391275771261
651,1648935563.294187,0.2380610237159534
652,1648935743.4370897,0.2380610237159534
653,1648935922.7626524,0.2380610237159534
654,1648936104.2384012,0.2461717751887303
655,1648936282.697167,-0.7001763622506424
656,1648936463.5011284,0.2197415656427593
657,1648936643.9300444,0.1329191689478548
658,1648936823.3050635,0.2461717751887303
659,1648937003.6491337,0.2118019650039273
660,1648937183.670791,0.1877729316033835
661,1648937363.5211115,0.1877729316033835
662,1648937543.2451353,0.181832986007761
663,1648937723.3371017,0.1877729316033835
664,1648937904.7170951,0.1696149243211592
665,1648938082.9650958,0.205752092550599
666,1648938264.2806206,0.181832986007761
667,1648938443.429197,0.1877729316033835
668,1648938623.8934236,0.1654476209688079
669,1648938803.247966,0.2543245407348108
670,1648938983.5290923,0.2501317389191449
671,1648939163.2542737,0.2178821831734058
672,1648939343.3331397,0.0537540462796958
673,1648939523.292976,0.2543245407348108
674,1648939703.215242,0.2501317389191449
675,1648939883.0171297,-0.7001763622506424
676,1648940063.168066,0.0923155833304835
677,1648940243.2337797,0.2197415656427593
678,1648940422.9892163,0.1369142907813185
679,1648940603.1190307,-0.3129530100943755
680,1648940784.6073422,0.2116466451497174
681,1648940963.422217,0.2116466451497174
682,1648941143.3611033,0.2075038883652585
683,1648941323.357101,0.2035914345643712
684,1648941503.4415956,0.1835372049006799
685,1648941683.6011062,0.1806028645500146
686,1648941862.9413943,0.5211561835163051
687,1648942043.5499442,0.4700658348118899
688,1648942223.618373,0.5240953260944758
689,1648942402.8252604,1.187152964354006
690,1648942583.322495,0.8392545945265953
691,1648942763.3291025,-0.3956072352138484
692,1648942942.8824527,0.409963080335284
693,1648943123.0591395,0.4284103600519902
694,1648943303.5771844,0.4583162279616962
695,1648943483.5602436,-0.7588397917783031
696,1648943664.6611168,0.7763762095154871
697,1648943843.815256,0.3892614487095675
698,1648944023.3850763,-0.6017747920568534
699,1648944203.061123,0.3875942052580702
700,1648944383.6251752,0.3732953677892229
701,1648944563.6349547,0.4565917185767049
702,1648944744.1971004,0.4314523869763161
703,1648944923.9514122,0.5809159715026002
704,1648945104.0527723,0.5560371916010874
705,1648945282.7051013,-0.9640015273763818
706,1648945463.9930806,0.3817375824411269
707,1648945644.2019477,0.4435602123483181
708,1648945823.6811728,0.5092820535034809
709,1648946004.5143068,-1.1323835374264712
710,1648946182.7932675,-0.4249155488558501
711,1648946364.4415135,0.3748433978324269
712,1648946545.3714724,0.5577830628238356
713,1648946724.572638,0.4191287749233146
714,1648946904.5290978,0.5042078377857279
715,1648947083.217398,0.5346835337874226
716,1648947263.7295735,0.6584579976191522
717,1648947444.02113,0.4284487917585758
718,1648947624.8545997,0.1422925270739532
719,1648947804.6091006,0.1422925270739532
720,1648947983.6639156,0.1422925270739532
721,1648948163.8002496,0.1422925270739532
722,1648948344.0331025,0.1422925270739532
723,1648948523.777155,0.1422925270739532
724,1648948705.073614,0.0955751354796341
725,1648948885.4411016,0.0955751354796341
726,1648949063.694094,0.09849859202055
727,1648949242.2135444,0.09849859202055
728,1648949424.6069896,0.09849859202055
729,1648949605.4603927,0.09849859202055
730,1648949783.4250932,0.5737599136082039
731,1648949963.675366,0.1657559969966339
732,1648950143.0290914,0.1657559969966339
733,1648950323.1331544,0.1657559969966339
734,1648950502.769136,-0.0690758359055081
735,1648950684.8840842,0.1014329323712153
736,1648950865.2133722,0.1014329323712153
737,1648951045.4809344,0.1014329323712153
738,1648951225.1243105,0.09849859202055
739,1648951404.6690795,0.09849859202055
740,1648951584.5793412,0.09849859202055
741,1648951765.011793,0.09849859202055
742,1648951943.6691413,0.09849859202055
743,1648952125.3011158,0.0955751354796341
744,1648952304.686663,0.0953915244322059
745,1648952484.3010888,0.09849859202055
746,1648952663.9085112,0.1014329323712153
747,1648952844.7331607,0.09849859202055
748,1648953024.273118,0.09849859202055
749,1648953203.545117,0.09849859202055
750,1648953385.377092,0.0955751354796341
751,1648953565.6450915,0.09849859202055
752,1648953743.3155377,0.0953915244322059
753,1648953925.001088,0.0955751354796341
754,1648954107.0693576,0.0955751354796341
755,1648954284.7603,0.9065515242940292
756,1648954465.5210898,0.9530738360188036
757,1648954645.7571056,1.011273596188594
758,1648954825.905121,0.9530738360188036
759,1648955006.2082665,0.8674593450409127
760,1648955184.5371163,0.9275989026278122
761,1648955364.160841,0.9530738360188036
762,1648955545.0095923,1.1253524855446997
763,1648955724.1425662,1.0439984229673924
764,1648955904.441961,0.9647512844638194
765,1648956084.1770966,1.011273596188594
766,1648956264.283548,1.18355224571449
767,1648956442.4531207,0.9647512844638194
768,1648956624.8669617,1.18355224571449
769,1648956804.9540737,1.1508274189356908
770,1648956984.2092,1.18355224571449
771,1648957163.19122,1.18355224571449
772,1648957345.9391117,1.18355224571449
773,1648957524.2219608,1.0439984229673924
774,1648957704.8730416,1.011273596188594
775,1648957885.1881104,1.1508274189356908
776,1648958065.6843638,1.011273596188594
777,1648958244.073093,1.1508274189356908
778,1648958425.0090942,1.1508274189356908
779,1648958604.2610736,1.8177994888622464
780,1648958781.526242,1.555617215555819
781,1648958964.5000024,1.324100596565834
782,1648959143.5655189,1.431530811614274
783,1648959322.9444008,1.493199893574239
784,1648959503.2491534,1.5254961334684622
785,1648959682.760922,1.559042527306198
786,1648959862.7345817,1.1601262256089988
787,1648960042.85675,-0.1620380803543922
788,1648960223.8182669,0.6323041660890537
789,1648960403.4634929,2.1543271425176966
790,1648960583.5239587,1.5453568091331995
791,1648960763.325111,0.5698079241036176
792,1648960942.8177452,1.3918491163896785
793,1648961123.2171533,0.3486543127804156
794,1648961303.049283,-0.1723072316884983
795,1648961483.065173,-0.0466089521980097
796,1648961664.5258183,-0.4231171609935398
797,1648961843.51521,0.3054807880993974
798,1648962022.9471216,-0.5787281002576601
799,1648962203.145831,-0.6929100924291612
800,1648962383.3210683,-0.42274142441573
801,1648962563.0531588,-0.491397074629847
802,1648962743.2238648,-0.336487570134967
803,1648962923.701269,-0.5064951276336076
804,1648963103.8850832,-0.0210855543271158
805,1648963285.4038558,-0.5915973233248669
806,1648963463.397112,0.0698789960598901
807,1648963643.6291263,-0.2751858116130404
808,1648963822.8882558,0.5417231574802679
809,1648964003.2274082,0.0493131541600108
810,1648964182.2731178,0.5096075357163685
811,1648964363.0171597,0.6642482256139355
812,1648964543.7530975,0.2313210246549338
813,1648964723.541137,-0.4535626804582887
814,1648964903.217088,0.2093524304553548
815,1648965084.113135,-0.5048168689369807
816,1648965264.0104,0.0361169612555394
817,1648965442.8133347,0.473959859015371
818,1648965623.1668706,0.2654234229666453
819,1648965802.6806242,0.4639107820706294
820,1648965983.0540166,-0.3291168252425055
821,1648966163.4137197,-0.5465664688422466
822,1648966344.3452222,0.0668516423038031
823,1648966525.341073,0.121468354213439
824,1648966704.35312,0.1621412915428626
825,1648966885.777249,0.1942968291135402
826,1648967064.2179508,0.280320627565807
827,1648967244.882325,0.2846564574663878
828,1648967422.3662152,0.3987441765483839
829,1648967604.2149212,0.4764988765134011
830,1648967787.7050369,0.4818630922260944
831,1648967963.3171463,0.4873030991864261
832,1648968144.8331184,0.6167758215991079
833,1648968324.45551,0.5830825856836266
834,1648968504.0891206,0.7588813171309392
835,1648968683.877698,0.5728042154946933
836,1648968864.5182185,0.7227204296113909
837,1648969044.0651224,0.7567372171211653
838,1648969224.221135,0.6833935383550791
839,1648969403.5263643,0.7916510372311126
840,1648969582.9397366,0.7629060017304782
841,1648969764.917129,0.9333824509059764
842,1648969943.8864057,0.9190073392482112
843,1648970125.0731354,0.9190073392482112
844,1648970303.8112154,1.0500042756301695
845,1648970484.1971028,0.9887181820451943
846,1648970665.1171236,1.0059235817839844
847,1648970844.801125,1.0853324445932009
848,1648971023.6131103,1.0195754647456574
849,1648971204.2771115,1.1714714731556586
850,1648971384.7197337,1.1313704415418635
851,1648971564.091034,1.1503162872211767
852,1648971744.2291129,1.2235943788264794
853,1648971925.2451096,1.329257230164577
854,1648972103.9853928,1.1262565526620667
855,1648972283.8531065,1.301194059052866
856,1648972463.8691037,1.329257230164577
857,1648972644.3691175,1.2335012221220252
858,1648972826.3852868,1.1262565526620667
859,1648973003.403724,1.2235943788264794
860,1648973184.5731,1.5153289938273735
861,1648973365.133114,1.363223808019233
862,1648973544.589157,1.285624127792846
863,1648973722.8631797,1.2516575499381903
864,1648973906.3571117,1.5929286740537612
865,1648974084.397164,1.3195907056475016
866,1648974263.2971406,1.5929286740537612
867,1648974443.9413936,1.406856910390964
868,1648974624.4849708,1.329257230164577
869,1648974803.883253,1.5153289938273735
870,1648974984.0459394,1.363223808019233
871,1648975165.4011486,1.5929286740537612
872,1648975344.1025853,1.5929286740537612
873,1648975524.1902108,1.5492955716820287
874,1648975705.364298,1.7790004377165565
875,1648975884.281135,1.7790004377165565
876,1648976064.5699437,1.7790004377165565
877,1648976244.60536,1.7790004377165565
878,1648976425.8051198,1.5492955716820287
879,1648976604.6750844,1.7790004377165565
880,1648976784.8863869,1.7790004377165565
881,1648976964.8613925,1.5929286740537612
882,1648977144.510789,1.7790004377165565
883,1648977324.8396072,1.363223808019233
884,1648977503.1610992,1.5929286740537612
885,1648977683.429936,1.5929286740537612
886,1648977864.4051251,1.7790004377165565
887,1648978044.2291036,1.7790004377165565
888,1648978223.213122,1.7790004377165565
889,1648978404.719553,1.7790004377165565
890,1648978585.0411403,1.5929286740537612
891,1648978764.7627895,1.7790004377165565
892,1648978944.9318635,1.7790004377165565
893,1648979124.6611168,1.7790004377165565
894,1648979305.033134,1.5929286740537612
895,1648979485.0771234,1.7790004377165565
896,1648979664.03313,1.7790004377165565
897,1648979844.3650992,1.7790004377165565
898,1648980023.545108,1.7790004377165565
899,1648980204.4321716,1.7790004377165565
900,1648980384.7385998,1.7790004377165565
901,1648980564.1096091,1.7790004377165565
902,1648980744.3237398,1.7790004377165565
903,1648980923.4049842,1.7790004377165565
904,1648981104.1371446,1.7790004377165565
905,1648981283.861478,1.7790004377165565
906,1648981464.0170183,1.5929286740537612
907,1648981646.809129,1.7790004377165565
908,1648981822.8362954,1.7790004377165565
909,1648982004.1961274,1.7790004377165565
910,1648982184.2132523,1.7790004377165565
911,1648982363.89711,1.7790004377165565
912,1648982543.916706,1.7790004377165565
913,1648982724.2464285,1.7790004377165565
914,1648982904.821123,1.7790004377165565
915,1648983083.7011027,1.7790004377165565
916,1648983264.5579689,1.7790004377165565
917,1648983445.228927,1.7790004377165565
918,1648983624.2530951,1.7790004377165565
919,1648983804.2285151,1.7790004377165565
920,1648983983.257115,0.649695115089178
921,1648984163.124984,0.3531765880822691
922,1648984344.1879554,1.571117093475652
923,1648984523.245124,-0.7180594902798323
924,1648984703.7292182,0.7738889801563237
925,1648984883.4931183,-0.846238713693411
926,1648985064.226416,0.4596861904021985
927,1648985244.079906,0.5275413935165406
928,1648985423.3251128,1.0904555306873935
929,1648985603.385268,1.119305815603738
930,1648985782.988019,0.6621605718393069
931,1648985964.2696073,1.1534228222156877
932,1648986143.5758617,-0.4061903178647244
933,1648986323.990543,-0.4219851182991355
934,1648986504.0355885,0.3846387448963435
935,1648986684.2427518,0.3871017981538199
936,1648986863.9011204,1.119305815603738
937,1648987044.3730814,0.4903080985582708
938,1648987224.353114,0.5329410914471806
939,1648987403.9931135,0.5809159715026002
940,1648987583.973065,0.559300427452129
941,1648987764.2182825,-0.5181698036984852
942,1648987943.3211236,-0.4119063504003549
943,1648988122.9691443,-0.1175083904830241
944,1648988303.8531528,0.1183211968615637
945,1648988482.5578732,0.017541693910514
946,1648988663.6282597,-0.4695292171206942
947,1648988843.291196,0.0456046366792849
948,1648989023.357115,0.0513738174938647
949,1648989202.846023,0.0456046366792849
950,1648989383.697093,0.0513738174938647
951,1648989563.285481,0.0456046366792849
952,1648989744.6011198,-0.1135132686495606
953,1648989923.3164153,1.85931759206886
954,1648990103.539292,0.4484038675648137
955,1648990283.3451023,0.5968384646437391
956,1648990463.581124,0.5535088923686051
957,1648990643.489105,-0.2476588152623058
958,1648990823.041595,0.6261425322414317
959,1648991003.7365842,-0.2386786481762343
960,1648991184.151142,-0.4482955666038754
961,1648991363.039899,0.7154198161755434
962,1648991543.6331413,0.2131297517982017
963,1648991723.4016695,0.675486451147911
964,1648991903.950615,0.0953444020458614
965,1648992083.0171309,-0.2250894240097845
966,1648992264.117128,-0.2211383493064078
967,1648992442.8150392,-0.4617658172329824
968,1648992623.3624942,-0.0458877265300813
969,1648992802.6861775,-0.6060958669801549
970,1648992983.5094972,-0.0014973802255061
971,1648993165.7535727,0.0330804743543365
972,1648993343.9091735,0.0514595635620703
973,1648993523.5465195,0.1903668914689583
974,1648993705.0871532,0.2578023374855224
975,1648993884.567814,0.2711288374564344
976,1648994064.1931813,0.3395778416084962
977,1648994245.7361653,0.3068410935217052
978,1648994426.6738088,0.4543943311472448
979,1648994604.3811195,0.5403739257301441
980,1648994783.595575,0.5049462629745167
981,1648994965.225149,0.648437361178375
982,1648995144.3357654,0.5718012618883018
983,1648995322.1147425,0.6821305970938568
984,1648995504.9170969,0.4420986994922504
985,1648995684.1931224,0.5390778762427662
986,1648995864.8011286,0.7137085110996749
987,1648996044.4457629,0.6207416951455301
988,1648996224.0970967,0.5679419842986575
989,1648996404.025125,0.6033387404044908
990,1648996583.09312,0.687722550466877
991,1648996764.301093,0.6462463147062206
992,1648996943.7370882,0.6131857943215814
993,1648997124.1771064,0.6973338563234257
994,1648997304.9252126,0.7185467813728907
995,1648997484.211116,0.8016579133630907
996,1648997665.0380163,0.7178116807659356
997,1648997844.1283927,0.6979614626881316
998,1648998024.8469777,0.8674593450409127
999,1648998206.8491929,0.8584309496643503
1000,1648998385.4971266,0.8064347206071425
1001,1648998563.701117,0.9785487694097956
1002,1648998744.4167142,0.8336793045250839
1003,1648998923.467971,0.7516073017575301
1004,1648999103.266879,0.9065515242940292
1005,1648999282.7411048,0.9320264576850203
1006,1648999462.6851735,1.2107725613940257
1007,1648999643.887116,1.339156233515628
1008,1648999824.0531366,1.2771264845492616
1009,1649000003.1972125,1.526064873861352
1010,1649000183.9451077,1.4027236761680557
1011,1649000364.2371073,1.5083865275061528
1012,1649000543.3713162,1.445655961536653
1013,1649000722.8521008,1.1534228222156877
1014,1649000902.381252,1.3386780467140789
1015,1649001082.8451166,0.3227116357836618
1016,1649001263.4796004,1.4132877138104452
1017,1649001442.673141,1.4132877138104452
1018,1649001624.6131034,1.490887394036831
1019,1649001804.3011312,1.490887394036831
1020,1649001984.7018514,1.1735704537123124
1021,1649002164.9013505,1.0937977024563894
1022,1649002344.289107,1.220618378189437
1023,1649002524.0236375,1.220618378189437
1024,1649002703.9184947,1.1735704537123124
1025,1649002884.0004003,1.220618378189437
1026,1649003064.1309755,1.1153706935425225
1027,1649003244.5118098,1.220618378189437
1028,1649003424.073118,-0.8096503137976986
1029,1649003603.5034106,0.8155681409849255
1030,1649003783.5871687,0.7751914117491759
1031,1649003963.701112,0.7398473885432557
1032,1649004144.5812452,0.6795861999737853
1033,1649004323.153109,0.7606353508781224
1034,1649004504.2101574,0.7150392487777247
1035,1649004683.905143,0.770246656734672
1036,1649004863.6425498,1.242940224892966
1037,1649005041.9090328,1.018588747132264
1038,1649005223.788485,-0.3630823910530367
1039,1649005403.941133,0.4760121882157923
1040,1649005584.5451195,0.5769358316867336
1041,1649005764.5771418,-0.6884420291795132
1042,1649005942.6725345,0.5461036185712956
1043,1649006123.7756512,0.6019176479504666
1044,1649006301.913109,0.526594128335214
1045,1649006483.805101,0.8025779545127554
1046,1649006663.5811093,0.5674850312873533
1047,1649006842.797151,1.242940224892966
1048,1649007022.998587,1.248511316667284
1049,1649007202.8051803,1.315672709167668
1050,1649007383.6243815,0.9110176327931456
1051,1649007562.9725726,1.0307099307608754
1052,1649007743.5257983,-0.2251764468258541
1053,1649007923.0062947,-0.260158280048483
1054,1649008103.0211115,-0.4852329464237074
1055,1649008284.3330913,0.2599833081183214
1056,1649008462.8011897,0.1976275668336069
1057,1649008643.1297195,0.3548199265193615
1058,1649008823.544531,0.4311643921724217
1059,1649009003.6356933,0.3083743735930925
1060,1649009184.0128906,0.4845382519025601
1061,1649009363.6791997,0.7463925487557899
1062,1649009543.221372,0.894108949672212
1063,1649009723.0651152,0.6853281526592193
1064,1649009903.3932705,0.6978540568345005
1065,1649010083.801134,0.7654148678964747
1066,1649010263.525118,0.7874737489507811
1067,1649010443.4731376,0.9114275562392056
1068,1649010623.105116,0.995921190705888
1069,1649010803.288015,0.8884684945784236
1070,1649010984.4455674,0.9973958880604368
1071,1649011162.8184335,1.0082994805778327
1072,1649011343.200112,1.1051773398738385
1073,1649011524.0420349,-0.5072471075876376
1074,1649011703.8455403,2.261487466206778
1075,1649011883.3291185,-0.2128531608457395
1076,1649012064.021103,0.5707564267768697
1077,1649012243.5131092,-0.3927252494932859
1078,1649012424.658043,0.386479130425492
1079,1649012603.3855247,0.3460313225358011
1080,1649012782.7162404,0.2836559994649813
1081,1649012962.88162,-0.5087397710532009
1082,1649013143.6411254,-0.1201236585605044
1083,1649013322.6306298,0.5298241447131932
1084,1649013503.4575598,0.617867659869238
1085,1649013683.7812266,-0.5332252982464776
1086,1649013862.885109,0.32390114727175
1087,1649014042.931786,0.6416191215093997
1088,1649014223.6491203,0.3905380553182953
1089,1649014403.4567783,-0.47759286622829
1090,1649014582.9971032,0.3000249887950578
1091,1649014764.3959508,0.3841746167968629
1092,1649014943.1856532,0.4580026641032204
1093,1649015123.7170153,0.4502775777468107
1094,1649015303.91542,0.4434270309074538
1095,1649015483.837102,0.5023510928117166
1096,1649015663.253118,0.5970749434827233
1097,1649015843.4655175,0.692945754969171
1098,1649016023.8453925,0.6643918765851986
1099,1649016202.7198768,0.7742971631078538
1100,1649016384.2265267,-0.914673418017528
1101,1649016563.908268,1.1534228222156877
1102,1649016744.1051064,0.5385331839095908
1103,1649016924.13711,0.5331947328767601
1104,1649017104.0491073,0.5127626955808738
1105,1649017283.0411673,0.5240900419020686
1106,1649017463.6604862,0.6009093595031869
1107,1649017643.7840035,0.5653624110657517
1108,1649017823.7811024,0.5288323662747261
1109,1649018004.1531012,0.672389260541089
1110,1649018183.5931044,1.093057115399756
1111,1649018365.7553818,-0.3770138289971371
1112,1649018543.881147,0.4443832895874343
1113,1649018723.8131015,1.187152964354006
1114,1649018903.113152,0.6804281184897775
1115,1649019083.7828813,-0.2923741765637866
1116,1649019263.3730147,0.3870101491555435
1117,1649019444.0295873,0.414811061343341
1118,1649019624.7185063,0.4270709115261173
1119,1649019804.6470523,0.5035773903580185
1120,1649019984.524546,0.5227489824510866
1121,1649020164.4063916,0.5016387609503397
1122,1649020343.2331066,0.0641284483465407
1123,1649020523.5611143,0.2135414970370246
1124,1649020703.3128462,0.1979194172893241
1125,1649020883.356774,-0.1395809258962025
1126,1649021063.5731585,0.0679992619406027
1127,1649021242.785112,0.0679992619406027
1128,1649021425.617144,0.0679992619406027
1129,1649021603.3151498,0.0679992619406027
1130,1649021784.9318645,0.0679992619406027
1131,1649021962.6171172,0.0679992619406027
1132,1649022144.0131257,0.2215181934596692
1133,1649022323.6731005,0.2174849451574501
1134,1649022503.249138,0.1979194172893241
1135,1649022683.6731143,-0.1395809258962025
1136,1649022863.063033,0.0679992619406027
1137,1649023043.338772,0.0641284483465407
1138,1649023223.8371675,0.0641284483465407
1139,1649023403.1522498,0.0641284483465407
1140,1649023583.2770588,0.0571610711372012
1141,1649023762.9337566,0.0571610711372012
1142,1649023945.629213,0.0571610711372012
1143,1649024123.72401,0.0571610711372012
1144,1649024303.0818708,0.0571610711372012
1145,1649024483.7755072,-0.3875179512915797
1146,1649024663.2331378,0.1488171711950835
1147,1649024843.7050805,0.1488171711950835
1148,1649025025.1952937,0.0864004111498449
1149,1649025202.7171082,0.0571610711372012
1150,1649025382.5251288,-0.3875179512915797
1151,1649025564.0059516,0.1488171711950835
1152,1649025743.8238602,0.1032558946887489
1153,1649025922.877189,0.1032558946887489
1154,1649026104.4232445,0.0864004111498449
1155,1649026283.5079744,-0.0554822014802474
1156,1649026463.6766057,0.1032558946887489
1157,1649026643.5851183,-0.6303833283160537
1158,1649027006.4473972,0.123940610006474
1159,1649027183.0391583,-0.6264557111753628
1160,1649027363.0862696,0.1268981960967933
1161,1649027542.785699,0.1091839411109594
1162,1649027723.5260882,-0.6303833283160537
1163,1649028263.4131346,0.123940610006474
1164,1649028443.941144,-0.7752275789301827
1165,1649028623.8131106,0.1299540852161852
1166,1649028805.21904,-0.7752275789301827
1167,1649030063.5753152,-0.0896580058911299
1168,1649030244.3971238,0.1219756607253276
1169,1649030426.4326525,0.1219756607253276
1170,1649030602.6971767,0.1299342463027512
1171,1649030783.6691673,0.1338321883573058
1172,1649030963.869098,0.1299342463027512
1173,1649031144.7560723,0.1338321883573058
1174,1649031323.3738332,0.1379285820844709
1175,1649031504.9175673,0.1379285820844709
1176,1649031684.664485,0.1379285820844709
1177,1649031864.961515,0.1379285820844709
1178,1649032045.441071,0.1418410358853581
1179,1649032224.563602,0.1418410358853581
1180,1649032404.2838798,0.1498877832856269
1181,1649032584.5131495,0.109630637322608
1182,1649032764.6690726,0.109630637322608
1183,1649032944.7623217,0.109630637322608
1184,1649033123.7433376,0.109630637322608
1185,1649033303.041108,0.1156952910012712
1186,1649033485.5912786,0.1156952910012712
1187,1649033664.773937,0.1156952910012712
1188,1649033844.5492826,0.1156952910012712
1189,1649034025.2923424,0.1156952910012712
1190,1649034204.604944,0.1156952910012712
1191,1649034385.009142,0.1156952910012712
1192,1649034566.0009103,0.1186652637990823
1193,1649034744.492467,0.1186652637990823
1194,1649034924.282365,0.1186652637990823
1195,1649035104.8671448,0.1186652637990823
1196,1649035284.1024926,0.1186652637990823
1197,1649035464.4121192,0.1247736277804352
1198,1649035644.1611023,0.1164145680962169
1199,1649035824.8727713,0.1164145680962169
1200,1649036003.832323,0.0940369369240507
1201,1649036185.877107,0.1331295739508194
1202,1649036364.7190917,0.1392705166876666
1203,1649036544.262083,0.1392705166876666
1204,1649036724.357128,0.1392705166876666
1205,1649036904.1355343,0.1362741753125685
1206,1649037084.558208,0.1301466874837297
1207,1649037264.6466546,0.1301466874837297
1208,1649037443.949289,0.1301466874837297
1209,1649037623.24457,0.1301466874837297
1210,1649037805.079606,0.1301466874837297
1211,1649037984.2651386,0.1331295739508194
1212,1649038165.037135,0.1361259153259172
1213,1649038344.2745905,0.1361259153259172
1214,1649038524.8001237,0.1361259153259172
1215,1649038704.7170177,0.1361259153259172
1216,1649038884.5857637,0.1361259153259172
1217,1649039063.0048196,0.1422808693190869
1218,1649039244.739782,0.1422808693190869
1219,1649039424.0251286,0.1422808693190869
1220,1649039604.1264703,0.1422808693190869
1221,1649039785.2533789,0.1392705166876666
1222,1649039963.7291253,0.1424349811510196
1223,1649040144.8669002,0.1454453337824399
1224,1649040324.7851198,0.1454453337824399
1225,1649040504.8131087,0.1454453337824399
1226,1649040684.421103,0.1454453337824399
1227,1649040864.3450625,0.1454453337824399
1228,1649041043.4560895,0.151655363703865
1229,1649041224.4413698,0.151655363703865
1230,1649041403.8312073,0.151655363703865
1231,1649041584.5908084,0.151655363703865
1232,1649041764.5171182,0.1377276339675294
1233,1649041942.9691062,0.1345425402727686
1234,1649042123.7571137,0.1407677430522687
1235,1649042303.1850922,0.1407677430522687
1236,1649042484.1805744,0.1407677430522687
1237,1649042664.0342493,0.1407677430522687
1238,1649042844.1250975,0.1407677430522687
1239,1649043022.7051053,0.1470301497552245
1240,1649043204.605109,0.1439742606358328
1241,1649043384.1732104,0.1470301497552245
1242,1649043564.298334,0.1439742606358328
1243,1649043745.0576773,0.1407677430522687
1244,1649043923.2549477,0.1377276339675294
1245,1649044104.5214856,0.1439742606358328
1246,1649044283.2055888,0.1439742606358328
1247,1649044464.8864594,0.1439742606358328
1248,1649044646.2341888,0.1439742606358328
1249,1649044824.9830115,0.1439742606358328
1250,1649045004.2800214,0.1439742606358328
1251,1649045183.85198,0.1439742606358328
1252,1649045363.535033,0.1439742606358328
1253,1649045544.279296,0.1439742606358328
1254,1649045723.757138,0.1439742606358328
1255,1649045906.141132,0.1439742606358328
1256,1649046084.3971293,0.1439742606358328
1257,1649046267.2766414,0.1439742606358328
1258,1649046445.5924544,0.1439742606358328
1259,1649046623.829115,0.1439742606358328
1260,1649046804.2060883,0.1439742606358328
1261,1649046984.185008,0.1439742606358328
1262,1649047164.8200572,0.1439742606358328
1263,1649047344.1310687,0.1439742606358328
1264,1649047524.2010927,0.1439742606358328
1265,1649047703.3491228,0.1439742606358328
1266,1649047885.6016314,0.1439742606358328
1267,1649048063.4610982,0.1439742606358328
1268,1649048242.8944852,0.1439742606358328
1269,1649048424.3242528,0.1439742606358328
1270,1649048604.0691974,0.1439742606358328
1271,1649048785.100045,0.1439742606358328
1272,1649048964.736422,0.1439742606358328
1273,1649049145.1739645,0.1606882280509605
1274,1649049325.557104,0.1606882280509605
1275,1649049504.305092,0.1606882280509605
1276,1649049684.3008673,0.1606882280509605
1277,1649049863.0861812,0.1721104522612158
1278,1649050043.507998,0.1721104522612158
1279,1649050224.68112,0.169054563141824
1280,1649050405.0191116,0.1721104522612158
1281,1649050584.382251,0.1784115139844097
1282,1649050764.425123,0.1784115139844097
1283,1649050945.3059742,0.1753392186890355
1284,1649051123.5010717,0.1753392186890355
1285,1649051305.2251744,0.1721104522612158
1286,1649051484.8931758,0.1784115139844097
1287,1649051662.9856718,0.1784115139844097
1288,1649051846.0526023,0.1784115139844097
1289,1649052024.0331388,0.1784115139844097
1290,1649052205.341047,0.1784115139844097
1291,1649052384.5656247,0.1784115139844097
1292,1649052563.9251316,0.1847527341045285
1293,1649052744.1291125,0.1847527341045285
1294,1649052924.1810904,0.1847527341045285
1295,1649053103.9531276,0.1847527341045285
1296,1649053283.368397,0.1847527341045285
1297,1649053463.320401,0.1847527341045285
1298,1649053643.1260073,0.1911356715084037
1299,1649053824.5909538,0.1911356715084037
1300,1649054004.5730977,0.1911356715084037
1301,1649054184.487346,0.1911356715084037
1302,1649054365.0810163,0.1911356715084037
1303,1649054545.457117,0.1944364665414876
1304,1649054724.0467544,0.1944364665414876
1305,1649054904.4022653,0.1880286039200596
1306,1649055084.8167484,0.1911356715084037
1307,1649055264.6698668,0.1911356715084037
1308,1649055445.593239,0.1911356715084037
1309,1649055624.3683996,0.1975619440557509
1310,1649055803.559291,0.1944364665414876
1311,1649055983.761424,0.1975619440557509
1312,1649056163.5419104,0.1975619440557509
1313,1649056345.0064423,0.1944364665414876
1314,1649056522.5851078,0.1975619440557509
1315,1649056703.9611304,0.2008886309340704
1316,1649056884.597115,0.2040332322958198
1317,1649057064.1810944,0.2008886309340704
1318,1649057243.3250945,0.2040332322958198
1319,1649057424.2451184,0.2040332322958198
1320,1649057604.6052473,0.2105512834616823
1321,1649057784.8291285,0.2105512834616823
1322,1649057963.960911,0.2105512834616823
1323,1649058144.7527769,0.2105512834616823
1324,1649058323.8206692,0.2105512834616823
1325,1649058506.197112,0.2105512834616823
1326,1649058683.9110053,0.2137363771564432
1327,1649058864.2410903,0.2105512834616823
1328,1649059044.8286598,0.2105512834616823
1329,1649059225.0610988,0.2105512834616823
1330,1649059404.9550445,0.2105512834616823
1331,1649059585.0610318,0.2105512834616823
1332,1649059763.396032,0.2105512834616823
1333,1649059944.9198575,0.2105512834616823
1334,1649060123.4971094,0.2105512834616823
1335,1649060303.687811,0.2105512834616823
1336,1649060483.921625,0.2105512834616823
1337,1649060663.321322,0.2105512834616823
1338,1649060845.272543,0.2105512834616823
1339,1649061023.4030151,0.2105512834616823
1340,1649061203.3143916,0.2105512834616823
1341,1649061384.8288193,0.2105512834616823
1342,1649061565.008541,0.2105512834616823
1343,1649061744.0610814,0.2105512834616823
1344,1649061923.8171282,0.2105512834616823
1345,1649062105.0897677,0.2105512834616823
1346,1649062284.7405074,0.2105512834616823
1347,1649062463.398331,0.2105512834616823
1348,1649062644.203033,0.2105512834616823
1349,1649062824.0892153,0.2105512834616823
1350,1649063004.5774682,0.2105512834616823
1351,1649063184.5225065,0.2105512834616823
1352,1649063363.6454449,0.2105512834616823
1353,1649063546.606014,0.2105512834616823
1354,1649063724.5212195,0.2105512834616823
1355,1649063905.0257847,0.2105512834616823
1356,1649064084.930261,0.2105512834616823
1357,1649064262.789112,0.2189363947911224
1358,1649064445.0600765,0.2189363947911224
1359,1649064623.989152,0.2189363947911224
1360,1649064803.7171192,0.2189363947911224
1361,1649064982.617161,0.3662105123816369
1362,1649065162.973122,0.4812946772621431
1363,1649065343.161085,0.5116601379289974
1364,1649065522.7749248,1.0168117542461537
1365,1649065703.0051737,2.6150583762648503
1366,1649065882.9651375,0.6652447701868079
1367,1649066063.0264184,0.6441845104522507
1368,1649066243.337109,1.1664584579457495
1369,1649066422.7211063,2.72142204460608
1370,1649066602.740811,0.5619799704231336
1371,1649066782.9971683,1.940664152986424
1372,1649066962.8051126,0.182508587923647
1373,1649067143.7338655,2.659751445759427
1374,1649067323.3776224,2.659751445759427
1375,1649067502.6980226,0.2100572277509499
1376,1649067682.9401002,0.9165611553176756
1377,1649067862.9301684,0.6440135851940884
1378,1649068043.063748,0.66881207169584
1379,1649068223.2980072,-0.4627742785256817
1380,1649068402.776432,-0.4752525166441625
1381,1649068583.041097,-0.4752525166441625
1382,1649068762.177565,-0.4752525166441625
1383,1649068942.181245,-0.4508158228413069
1384,1649069123.3851178,-0.4697428734819972
1385,1649069303.2419674,0.0631510080986952
1386,1649069483.2156277,0.9731920859901464
1387,1649069662.7002084,0.7819448039631796
1388,1649069844.07087,0.2321732127449307
1389,1649070023.101128,1.3513908454031736
1390,1649070202.6828744,1.0889710738838376
1391,1649070383.27309,1.141525469627669
1392,1649070562.6930895,0.4949573592823205
1393,1649070743.4317737,0.7836915148226037
1394,1649070923.6774237,0.2982800897456154
1395,1649074163.3971205,0.2291831237038975
1396,1649074342.94039,0.5039375985951519
1397,1649074522.9611142,0.0490659108685836
1398,1649074703.8931649,0.5400962638254226
1399,1649074883.6292582,0.6149528357224227
1400,1649075063.4692764,0.6352785409056825
1401,1649075243.9971795,0.6352785409056825
1402,1649075426.909117,0.0360104263866506
1403,1649075606.3980474,0.5307898279604397
1404,1649075783.733948,0.5307898279604397
1405,1649075963.1811318,0.5307898279604397
1406,1649076144.4061775,0.5307898279604397
1407,1649076323.5541773,0.5307898279604397
1408,1649076503.5076056,0.6476018268857973
1409,1649076683.081109,1.3902781030993898
1410,1649076863.3210227,0.0598474391340887
1411,1649077043.757147,0.9857839275634568
1412,1649077223.2491,-0.0534911706710036
1413,1649077403.6531222,-0.2987962889549652
1414,1649077582.793854,0.2833571042589519
1415,1649077762.577107,-0.7001763622506424
1416,1649077944.5691516,0.1162346898733211
1417,1649078124.3699725,0.1162346898733211
1418,1649078302.9491377,0.1162346898733211
1419,1649078483.2389078,-0.4598500191362695
1420,1649078663.6430376,0.2341118682502126
1421,1649078844.2816677,-0.8558484633242422
1422,1649079023.7401028,0.0472466930821862
1423,1649079202.9851084,0.0472466930821862
1424,1649079383.9971182,-0.0678735208052804
1425,1649079565.2288432,0.1870126733672999
1426,1649079745.246398,0.1996486470051043
1427,1649079924.0731,0.1996486470051043
1428,1649080104.202629,0.1996486470051043
1429,1649080284.3819067,0.1996486470051043
1430,1649080465.226861,0.1996486470051043
1431,1649080645.6107578,0.1546325312791258
1432,1649080823.525118,0.1546325312791258
1433,1649081006.4204464,0.1546325312791258
1434,1649081185.3371043,0.1546325312791258
1435,1649081364.5898848,0.1546325312791258
1436,1649081544.8331578,0.1546325312791258
1437,1649081722.2988684,0.1546325312791258
1438,1649081904.0557342,0.1546325312791258
1439,1649082084.9811125,0.1546325312791258
1440,1649082264.7617092,0.1608807450796591
1441,1649082443.392599,0.1608807450796591
1442,1649082624.7672577,0.1608807450796591
1443,1649082803.031559,0.7209712501044517
1444,1649082982.6315868,1.187152964354006
1445,1649083163.7416391,1.0881808757121871
1446,1649083342.5293808,0.8815987780565234
1447,1649083523.1449924,1.0146708544604284
1448,1649083702.8211265,0.6472306673893884
1449,1649083883.4954734,1.0724252466487094
1450,1649084064.253142,0.7933658300465872
1451,1649084242.7178507,1.178847145300685
1452,1649084423.253565,0.9555251415359912
1453,1649084603.188875,1.1746278593495478
1454,1649084783.3122346,1.3495055403761935
1455,1649084963.0171611,1.3495055403761935
1456,1649085143.4171064,1.3495055403761935
1457,1649085322.9691076,1.4849104668988578
1458,1649085502.442836,1.4436013893304422
1459,1649085683.1191227,1.6720616904647991
1460,1649085863.347651,0.0180632604663646
1461,1649086042.6023428,1.6816493969064
1462,1649086222.517402,1.019905032520919
1463,1649086402.3051186,1.159733289818791
1464,1649086582.613108,1.2098919631622274
1465,1649086762.7291403,1.3638953575544568
1466,1649086943.4051387,1.4564012558244293
1467,1649087122.652093,0.7975380927706227
1468,1649087302.709257,0.3883219740090665
1469,1649087482.7380416,1.428543264139744
1470,1649087663.2971954,0.4919302052079386
1471,1649087843.0533545,2.8447632422993725
1472,1649088024.6011007,1.4122393962503734
1473,1649088202.8787396,0.3763366085086754
1474,1649088382.7972248,0.9606126948709924
1475,1649088563.276965,0.3763366085086754
1476,1649088742.549626,0.3763366085086754
1477,1649088923.467957,0.3763366085086754
1478,1649089102.9831667,0.4405734687638329
1479,1649089283.570128,2.8447632422993725
1480,1649089462.8101304,-0.6737121109692578
1481,1649089642.7405188,-0.1905973268272625
1482,1649089823.8931298,0.3883219740090665
1483,1649090002.6199265,0.4003633845347478
1484,1649090182.9949255,0.3883219740090665
1485,1649090362.2730856,-1.1211542209697096
1486,1649090542.685116,0.3883219740090665
1487,1649090723.409063,0.9401264164942827
1488,1649090903.9799368,2.659751445759427
1489,1649091083.4171195,2.659751445759427
1490,1649091264.8084416,2.659751445759427
1491,1649091442.6134698,1.5547735945968528
1492,1649091623.883889,0.3265800716373876
1493,1649091803.107745,0.4949734889449847
1494,1649091983.9978268,0.630724672024418
1495,1649092162.6971338,2.8447632422993725
1496,1649092343.2925544,0.9523971708842498
1497,1649092523.1741347,1.4145610475674129
1498,1649092702.9251094,0.3763366085086754
1499,1649092883.629105,2.8447632422993725
1500,1649093062.4531124,0.792033584559548
1501,1649093242.7971027,-0.8345992243617518
1502,1649093422.5291216,0.3062894445917228
1503,1649093603.36122,0.9813200835956554
1504,1649093783.848568,0.1693851822690744
1505,1649093963.1251118,-0.8345992243617518
1506,1649094143.0891652,-0.4312583740073892
1507,1649094323.8571208,0.8662589257975909
1508,1649094502.8491223,0.364405062640317
1509,1649094683.981796,0.6845829702106071
1510,1649094863.4351466,-0.5497677741553376
1511,1649095042.3852358,-0.9775684895658008
1512,1649095222.901338,-0.448722506415544
1513,1649095402.8491094,0.4229719170657224
1514,1649095582.5731142,-0.4190129426285126
1515,1649095762.7090936,0.0822713656550597
1516,1649095942.909107,-0.2944685662980751
1517,1649096123.401117,1.2566265700156716
1518,1649096302.661117,0.2533512942038798
1519,1649096481.8370998,1.2324587197131789
1520,1649096664.1737611,0.364405062640317
1521,1649096842.8811235,1.6431038151725004
1522,1649097022.8331082,0.0445770393033232
1523,1649097203.0772116,0.7572687167233753
1524,1649097383.3092625,0.8025718880593097
1525,1649097563.2084577,0.2018934791418507
1526,1649097742.3531735,-0.915365087842814
1527,1649097923.3491695,-0.2018934791418509
1528,1649098103.5562017,-0.0390073359290332
1529,1649098283.0058,1.5925522715079157
1530,1649098462.940942,0.2134014929032192
1531,1649098642.7902744,0.3992108978101324
1532,1649098823.2170134,0.7855034333307912
1533,1649099002.4931655,-0.5372265830422973
1534,1649099183.7315562,0.2475993102610839
1535,1649099363.3691092,0.0669308276708624
1536,1649099542.761139,1.7805952918779795
1537,1649099722.8055985,1.9695593972966896
1538,1649099902.6133163,0.4885329502415904
1539,1649100084.022034,-0.4965541016792523
1540,1649100263.0811648,0.0892428788756544
1541,1649100443.193124,0.1397655796475252
1542,1649100623.492924,0.3493048398221549
1543,1649100803.7684314,0.2421824515719446
1544,1649100982.5487275,-0.7977336299008035
1545,1649101162.6091087,0.3482981609074904
1546,1649101343.9971375,0.6433454053929168
1547,1649101523.3450017,0.4207875634855508
1548,1649101702.8731,-0.1607143494076786
1549,1649101884.0106032,-1.4064887784414375
1550,1649102062.9291253,-0.7721932141886849
1551,1649102243.4017382,-0.0222829841150867
1552,1649102422.822498,-0.2244443802315483
1553,1649102602.9171426,0.860706775626912
1554,1649102784.2406878,-0.3096988614401847
1555,1649102963.0811124,1.0607650128917407
1556,1649103143.209274,1.1639495821532648
1557,1649103323.0805788,1.1422903927149706
1558,1649103503.2731423,-0.0780632027652199
1559,1649103683.240605,-0.5698722715004464
1560,1649103863.3551452,0.0224867614255452
1561,1649104043.4491208,0.0859516004859353
1562,1649104222.6971226,0.958602581532572
1563,1649104403.1491234,1.4989321089845893
1564,1649104583.1531086,-0.2361280180120055
1565,1649104763.013116,1.1861690261641924
1566,1649104943.066501,0.3790527791111304
1567,1649105123.2811728,-0.3054807880993974
1568,1649105302.909761,0.2054877663815347
1569,1649105482.8772233,-0.923997404352086
1570,1649105663.13767,-0.1973002095122244
1571,1649105842.47711,0.0334279348302552
1572,1649106024.2489786,0.134087563991988
1573,1649106201.925105,0.0852894962777814
1574,1649106382.62541,0.2339680705242655
1575,1649106563.0284634,0.1145288362904251
1576,1649106743.1897962,1.1910294782784383
1577,1649106923.51355,1.3615709340755842
1578,1649107102.6851044,1.208990053570922
1579,1649107283.765127,-1.2217406809341125
1580,1649107462.6226597,-0.9366155360022907
1581,1649107642.6166365,0.1493877364052345
1582,1649107824.0484471,0.719381252198177
1583,1649108003.479896,-0.6297030466212713
1584,1649108182.0851,0.7065688123217562
1585,1649108362.9771214,0.2356124075761903
1586,1649108543.8210857,0.0872867876472513
1587,1649108723.4623752,0.1482416882555692
1588,1649108903.3495758,1.0309783062035591
1589,1649109083.0051196,0.1353859148090228
1590,1649109264.1902142,0.2500404550195216
1591,1649109442.7122407,0.5339844855866392
1592,1649109624.1662085,0.3547614942344273
1593,1649109803.4932203,0.4587902160370424
1594,1649109983.0771668,0.5055831968439359
1595,1649110163.101106,0.4861286905293194
1596,1649110343.3416047,-0.0158208345186846
1597,1649110523.6778457,0.776397908255414
1598,1649110702.6331284,0.4685869966188052
1599,1649110883.2419047,0.6230539753779868
1600,1649111064.029116,0.6097990115551801
1601,1649111242.9998238,-0.1120212240903324
1602,1649111423.605574,1.1136409074545828
1603,1649111603.0850947,0.543444725468141
1604,1649111783.8295455,0.6758447825479824
1605,1649111964.2175484,0.6624785294825521
1606,1649112143.5570838,0.7030359449614362
1607,1649112323.1372075,2.579978694503505
1608,1649112502.9371262,2.313057158623153
1609,1649112683.4731038,1.6359568531731166
1610,1649112863.5011177,2.143399149151433
1611,1649113042.901348,2.05058123141224
1612,1649113223.1384025,0.2481283348905181
1613,1649113403.4290922,0.228608960803153
1614,1649113583.1267989,-0.0852209744826024
1615,1649113763.2093494,0.3054807880993974
1616,1649113943.1850452,0.1583107943329235
1617,1649114122.493118,0.1527403940496985
1618,1649114302.8859465,0.1242012397342588
1619,1649114483.947025,0.120462084954454
1620,1649114662.9497116,0.1968146424814043
1621,1649114843.8891218,0.6863572599675337
1622,1649115022.9419398,0.4311219692903006
1623,1649115203.2771192,0.4955422596860614
1624,1649115383.5971007,0.567890343319363
1625,1649115563.7330956,-0.2702710477250029
1626,1649115743.397482,0.3310728154545089
1627,1649115924.2552035,0.7761357780811659
1628,1649116103.6051133,0.5877592445202696
1629,1649116282.910464,-0.5807533729390867
1630,1649116463.0930529,0.1161133721171792
1631,1649116643.1111896,0.3417541175802175
1632,1649116823.8251345,1.0331962461149875
1633,1649117003.95311,0.6750664129986126
1634,1649117182.923952,-0.2965379018027262
1635,1649117364.018945,0.5049660264275134
1636,1649117543.3572032,0.5879232862241479
1637,1649117723.7755382,0.5828904483975514
1638,1649117904.085104,0.7142745733651722
1639,1649118083.841102,0.4456429465077382
1640,1649118263.6103237,0.5227179510436102
1641,1649118443.8971405,-0.631786650077557
1642,1649118623.241244,0.4726250551028003
1643,1649118803.573128,0.5821564616145464
1644,1649118984.070423,-0.7309172081221966
1645,1649119163.814676,0.3979078790729255
1646,1649119343.4416711,0.6549143612865194
1647,1649119524.489391,0.3955167809952903
1648,1649119703.554993,0.414306626491996
1649,1649119884.055826,-0.5989246265022358
1650,1649120063.242952,-0.6785301452635707
1651,1649120243.333166,-0.9607556812602882
1652,1649120423.181146,0.0982555289261057
1653,1649120602.8251216,-0.7988494760437947
1654,1649120783.6937094,-1.00601688457105
1655,1649120964.5110593,-0.6137873947053228
1656,1649121144.05316,-0.1959488618070594
1657,1649121323.4211235,-0.0840721481342564
1658,1649121503.1114185,0.0555143073186129
1659,1649121682.780304,0.0603780856003889
1660,1649121863.9442368,0.0954051433169022
1661,1649122044.565112,0.145424855500336
1662,1649122223.4469178,0.2365420823606108
1663,1649122404.797793,0.3197223563091476
1664,1649122584.5211308,0.30706347694933
1665,1649122764.817562,0.4175395348898486
1666,1649122943.4291344,0.461516717727615
1667,1649123124.4149425,0.4546910653894103
1668,1649123305.036785,0.4372079301237898
1669,1649123484.101138,0.4608169173298545
1670,1649123663.1491203,0.4084225211295337
1671,1649123844.5891185,0.5485389758531313
1672,1649124024.3767295,0.4984202059773295
1673,1649124204.9891038,0.5871976722298282
1674,1649124382.7306302,0.6381221138648604
1675,1649124563.1579125,0.6622552982645792
1676,1649124743.5236144,0.6895597454409282
1677,1649124924.021132,0.6306468723219659
1678,1649125103.1238248,0.7402843143849107
1679,1649125284.9371026,0.719367834715256
1680,1649125464.1965735,0.6639638568122508
1681,1649125644.0579329,0.7601345324627147
1682,1649125824.782146,0.710772670490393
1683,1649126004.4250808,0.7312154300504304
1684,1649126183.9851038,0.719367834715256
1685,1649126363.9477005,0.814088368805363
1686,1649126543.7238088,0.7928754437558977
1687,1649126723.961823,0.84398076505987
1688,1649126904.5450215,0.9260527678274236
1689,1649127083.541032,0.8921415774572296
1690,1649127264.4138868,0.9260527678274236
1691,1649127443.5300825,1.2195969001594815
1692,1649127623.36295,0.3054807880993974
1693,1649127804.5862718,1.1796148493656098
1694,1649127982.273428,2.3151941467076367
1695,1649128162.4473946,0.674317240198501
1696,1649128342.969502,2.2865479513109825
1697,1649128523.3716643,0.1857182130001501
1698,1649128702.8645558,0.2456979351041203
1699,1649128883.265235,0.3656031647952286
1700,1649129062.62964,-0.5762629509980131
1701,1649129243.293137,0.629167406923024
1702,1649129423.0863743,0.8484174173643569
1703,1649129602.7571454,0.9702098759264832
1704,1649129783.127022,1.0812356586440377
1705,1649129963.580284,1.030637723001981
1706,1649130142.7026384,-0.2742104241740972
1707,1649130322.152063,0.5303789171007637
1708,1649130503.3658624,-0.6667205267137408
1709,1649130682.701903,0.6548975667967819
1710,1649130862.8491387,-0.9426373345512932
1711,1649131043.801093,-0.0035343061628614
1712,1649131224.0371685,-0.3737180736565697
1713,1649131403.493087,0.1818842898057711
1714,1649131582.811576,-0.0892484616383448
1715,1649131762.8361442,0.6273708519141327
1716,1649131942.9923482,0.2992072908997824
1717,1649132123.2272828,0.2675118155294561
1718,1649132303.101937,-0.1463019720145958
1719,1649132483.4399807,-0.2958441766470919
1720,1649132663.62913,-0.0279283406040733
1721,1649132842.7557302,-0.0373016709201827
1722,1649133024.3499224,-0.0219389612366818
1723,1649133204.001119,0.0174434512540648
1724,1649133383.6440375,-0.7790860539437476
1725,1649133563.761113,0.0923155833304835
